id,mail,gender
1,wbutters0@oaic.gov.au,Female
2,lthireau1@hubpages.com,Female
3,crearie2@google.fr,Female
4,dpassingham3@prnewswire.com,Male
5,mmeech4@printfriendly.com,Female
6,msparkwell5@nytimes.com,Male
7,jfriedman6@ebay.co.uk,Female
8,rvotier7@apple.com,Female
9,fableson8@baidu.com,Male
10,mpridmore9@examiner.com,Female
11,kdrysdalea@globo.com,Female
12,psellekb@mysql.com,Male
13,dgrillsc@jimdo.com,Male
14,abernardinellid@goo.gl,Male
15,bdancye@cargocollective.com,Male
16,tnormavillf@cbslocal.com,Genderqueer
17,dprotherog@paypal.com,Male
18,bzinkh@marriott.com,Male
19,ecollomossei@ucoz.com,Female
20,jedlynej@wp.com,Genderfluid
21,grosenthalk@scribd.com,Female
22,bbaszniakl@t.co,Male
23,fdowtrym@nymag.com,Female
24,ladamen@bravesites.com,Male
25,rgirtho@netvibes.com,Female
26,kmoggachp@house.gov,Male
27,dstubbsq@pbs.org,Female
28,okileyr@t-online.de,Male
29,gnathans@theglobeandmail.com,Female
30,spryort@wordpress.com,Female
31,tmcphelimyu@newyorker.com,Female
32,jyarev@tripadvisor.com,Polygender
33,alytellw@ameblo.jp,Male
34,mmathelyx@mlb.com,Female
35,lmaclisey@fema.gov,Male
36,ibrozekz@deviantart.com,Male
37,mcutmere10@hc360.com,Male
38,fsummerill11@engadget.com,Male
39,tmegainey12@w3.org,Female
40,jstoate13@tumblr.com,Male
41,strevan14@taobao.com,Female
42,nheater15@ibm.com,Female
43,ahigounet16@telegraph.co.uk,Male
44,gbrason17@macromedia.com,Female
45,nlamberteschi18@deliciousdays.com,Female
46,cvale19@illinois.edu,Female
47,lliggett1a@uiuc.edu,Genderqueer
48,tarnell1b@hibu.com,Male
49,dupcott1c@google.com.br,Female
50,tvanderbeek1d@seesaa.net,Female
51,lgipp1e@ning.com,Female
52,dpocklington1f@google.ru,Female
53,jyarrall1g@ycombinator.com,Non-binary
54,bsargison1h@ucla.edu,Male
55,nlathwell1i@gizmodo.com,Male
56,efulger1j@parallels.com,Female
57,pgroll1k@statcounter.com,Male
58,btinan1l@google.ca,Female
59,tbiagini1m@so-net.ne.jp,Male
60,hcordsen1n@nytimes.com,Male
61,mchilvers1o@stanford.edu,Female
62,qkondratowicz1p@ehow.com,Male
63,mmence1q@nature.com,Female
64,fhunting1r@hostgator.com,Female
65,tblackledge1s@live.com,Bigender
66,bohannay1t@cornell.edu,Female
67,rclift1u@delicious.com,Male
68,ekhalid1v@kickstarter.com,Female
69,pbusher1w@ucoz.ru,Female
70,khansod1x@dropbox.com,Female
71,jbexon1y@ucoz.ru,Male
72,jallot1z@acquirethisname.com,Male
73,jsiehard20@prweb.com,Male
74,hhendrickson21@networksolutions.com,Male
75,cdanshin22@time.com,Polygender
76,baxworthy23@soundcloud.com,Male
77,seyckelbeck24@netlog.com,Male
78,cmacguigan25@cmu.edu,Male
79,ptabb26@xrea.com,Female
80,cbrotherhed27@tinypic.com,Male
81,swither28@flavors.me,Male
82,rfirby29@ox.ac.uk,Female
83,obeddoes2a@twitter.com,Male
84,rwhyborne2b@guardian.co.uk,Female
85,lbadcock2c@php.net,Female
86,bcooksey2d@4shared.com,Male
87,kfurnival2e@goo.gl,Male
88,ncoburn2f@phoca.cz,Male
89,apecey2g@vkontakte.ru,Male
90,jcarder2h@pen.io,Female
91,etrelease2i@mlb.com,Male
92,fagnolo2j@furl.net,Male
93,rbelhomme2k@redcross.org,Female
94,sospillane2l@nyu.edu,Male
95,spaolucci2m@devhub.com,Male
96,witzkovwich2n@mac.com,Female
97,sgogin2o@paginegialle.it,Male
98,cdedomenicis2p@1und1.de,Non-binary
99,sbart2q@spiegel.de,Female
100,isnow2r@unesco.org,Female
101,rpulman2s@mozilla.org,Female
102,bdeavin2t@mac.com,Female
103,emathivet2u@globo.com,Male
104,astandering2v@bloglines.com,Non-binary
105,jvasilmanov2w@google.pl,Male
106,hmurty2x@dailymail.co.uk,Male
107,lbeese2y@instagram.com,Male
108,gcasey2z@seattletimes.com,Male
109,hhigginbottam30@reference.com,Male
110,canniwell31@plala.or.jp,Male
111,ebengough32@is.gd,Female
112,gphillis33@pbs.org,Female
113,cknoller34@moonfruit.com,Female
114,lgreystoke35@g.co,Polygender
115,nleftridge36@redcross.org,Female
116,tbilbrook37@github.com,Female
117,ebende38@instagram.com,Male
118,emcphater39@barnesandnoble.com,Female
119,bfillery3a@linkedin.com,Male
120,emcgaughie3b@hugedomains.com,Genderqueer
121,lwilber3c@reuters.com,Female
122,stowersey3d@tinyurl.com,Female
123,cbiddlestone3e@bravesites.com,Male
124,hscammell3f@mediafire.com,Female
125,mmccotter3g@webeden.co.uk,Male
126,mmadgewick3h@ustream.tv,Female
127,kmackin3i@seattletimes.com,Female
128,kverzey3j@desdev.cn,Female
129,csilverson3k@cbsnews.com,Female
130,mcrutchfield3l@altervista.org,Female
131,khalkyard3m@ebay.co.uk,Male
132,hriccelli3n@craigslist.org,Female
133,cmanford3o@hud.gov,Male
134,kcramond3p@newsvine.com,Male
135,hlaite3q@wsj.com,Male
136,bwandrach3r@purevolume.com,Male
137,lburgise3s@businesswire.com,Female
138,pmerriday3t@pen.io,Female
139,jchadbourn3u@smugmug.com,Male
140,ldahmke3v@senate.gov,Female
141,srudderham3w@google.it,Female
142,dkepp3x@baidu.com,Female
143,nshawyer3y@indiegogo.com,Female
144,gadvani3z@weibo.com,Male
145,btranckle40@oracle.com,Male
146,nparr41@newsvine.com,Female
147,cshadrack42@mozilla.com,Male
148,fboast43@chicagotribune.com,Female
149,cbrimmell44@so-net.ne.jp,Female
150,akubica45@prnewswire.com,Male
151,grumble46@tinypic.com,Bigender
152,sbeltzner47@dmoz.org,Female
153,wharston48@netlog.com,Non-binary
154,hpovall49@eepurl.com,Non-binary
155,cdumphrey4a@accuweather.com,Female
156,dstyan4b@amazonaws.com,Male
157,gleal4c@stanford.edu,Male
158,slukehurst4d@ucoz.com,Female
159,csergean4e@nyu.edu,Female
160,klamcken4f@nifty.com,Female
161,maubin4g@ask.com,Male
162,jprantoni4h@bloglines.com,Male
163,rhuriche4i@amazon.de,Female
164,kratledge4j@topsy.com,Male
165,sfriar4k@time.com,Non-binary
166,pwheldon4l@hhs.gov,Female
167,rwesgate4m@bloglines.com,Male
168,rfardoe4n@wufoo.com,Female
169,neefting4o@weather.com,Male
170,deldon4p@ox.ac.uk,Female
171,emaccaughey4q@adobe.com,Female
172,pmealiffe4r@flavors.me,Female
173,pcaulton4s@nhs.uk,Female
174,bcucuzza4t@friendfeed.com,Male
175,pfibbit4u@google.co.jp,Female
176,gnaden4v@woothemes.com,Agender
177,cchatell4w@taobao.com,Female
178,lsmallwood4x@mozilla.com,Female
179,tlabel4y@bluehost.com,Male
180,gjerams4z@opera.com,Female
181,splumley50@weather.com,Male
182,lhortop51@networksolutions.com,Female
183,gwilbud52@hao123.com,Non-binary
184,fcolleer53@gravatar.com,Female
185,nmcgrudder54@chicagotribune.com,Female
186,swaldren55@slashdot.org,Female
187,yhelstrom56@vkontakte.ru,Male
188,hdunsmore57@clickbank.net,Female
189,ddarnell58@opensource.org,Genderqueer
190,hcunnell59@usnews.com,Male
191,kmoorman5a@pcworld.com,Female
192,lbreche5b@woothemes.com,Genderfluid
193,lbenoiton5c@cocolog-nifty.com,Female
194,ieubank5d@spiegel.de,Female
195,jparmiter5e@ucla.edu,Female
196,cdisbrow5f@google.es,Genderfluid
197,rpride5g@surveymonkey.com,Male
198,acaldecott5h@senate.gov,Female
199,kmifflin5i@ox.ac.uk,Female
200,lpawelczyk5j@diigo.com,Female
201,rcolin5k@histats.com,Male
202,tdenny5l@mapy.cz,Male
203,bheersema5m@illinois.edu,Male
204,cmcenery5n@alibaba.com,Polygender
205,wwrixon5o@hhs.gov,Male
206,ahumpherston5p@cyberchimps.com,Male
207,varkill5q@amazon.com,Female
208,rmacginlay5r@parallels.com,Bigender
209,blucio5s@irs.gov,Female
210,gsixsmith5t@nasa.gov,Male
211,cmagowan5u@rambler.ru,Female
212,fguntrip5v@craigslist.org,Female
213,tmearns5w@mail.ru,Female
214,cdoberer5x@slideshare.net,Female
215,ybartolomeoni5y@census.gov,Male
216,cdarley5z@rakuten.co.jp,Non-binary
217,tpear60@blinklist.com,Bigender
218,gfronzek61@rambler.ru,Male
219,lkenningham62@skype.com,Male
220,bcraxford63@statcounter.com,Female
221,ayakushkev64@va.gov,Male
222,cmence65@gravatar.com,Male
223,dshelton66@ning.com,Female
224,sdickenson67@technorati.com,Genderfluid
225,aogilvie68@canalblog.com,Female
226,dsoltan69@japanpost.jp,Male
227,eorwin6a@a8.net,Male
228,abrockelsby6b@typepad.com,Female
229,ispeeks6c@examiner.com,Non-binary
230,mdewerk6d@163.com,Female
231,rwarrell6e@360.cn,Female
232,ksnelgar6f@qq.com,Female
233,agrasner6g@tripod.com,Male
234,lbradick6h@freewebs.com,Male
235,ksharrem6i@dell.com,Female
236,mgabbott6j@webmd.com,Female
237,mdwyr6k@ucsd.edu,Agender
238,rhay6l@examiner.com,Female
239,bsillars6m@wp.com,Female
240,tdurtnal6n@princeton.edu,Female
241,kbilborough6o@nbcnews.com,Female
242,sissacov6p@studiopress.com,Female
243,abattersby6q@mysql.com,Female
244,cgoodchild6r@whitehouse.gov,Female
245,gheindrich6s@wired.com,Male
246,cocrigan6t@un.org,Female
247,dodowne6u@fotki.com,Non-binary
248,aservante6v@360.cn,Male
249,lrawlcliffe6w@virginia.edu,Female
250,tcanner6x@nytimes.com,Female
251,cparlatt6y@hugedomains.com,Male
252,rkolodziej6z@google.com,Male
253,hkitchenman70@java.com,Female
254,tthomerson71@ihg.com,Female
255,hcraster72@github.com,Male
256,szelake73@delicious.com,Male
257,ijandac74@about.com,Female
258,cosgordby75@dion.ne.jp,Female
259,wney76@drupal.org,Male
260,lworden77@utexas.edu,Female
261,gsedgemore78@behance.net,Male
262,ddary79@cornell.edu,Male
263,lcornfield7a@bbc.co.uk,Male
264,icrosland7b@hugedomains.com,Male
265,fchaudron7c@toplist.cz,Female
266,hmartt7d@wisc.edu,Male
267,kgravy7e@google.es,Male
268,lminelli7f@nhs.uk,Male
269,acollcott7g@sciencedaily.com,Male
270,caikenhead7h@unblog.fr,Male
271,nredfield7i@rambler.ru,Female
272,jdregan7j@sohu.com,Male
273,bceschini7k@networkadvertising.org,Polygender
274,gmailey7l@google.it,Male
275,failsbury7m@tinypic.com,Male
276,eparlour7n@pcworld.com,Female
277,cgoodrum7o@opensource.org,Female
278,seykel7p@multiply.com,Genderqueer
279,fblindmann7q@opensource.org,Female
280,rterrazzo7r@php.net,Male
281,bgergher7s@google.it,Female
282,vgoranov7t@soup.io,Genderqueer
283,apuddle7u@skyrock.com,Male
284,jmendoza7v@paginegialle.it,Male
285,atancock7w@smh.com.au,Female
286,rskein7x@w3.org,Male
287,clouth7y@rakuten.co.jp,Female
288,ngumbrell7z@macromedia.com,Female
289,cmant80@state.gov,Male
290,elifsey81@cbslocal.com,Male
291,jlanfer82@canalblog.com,Male
292,cbeeton83@berkeley.edu,Female
293,lwilkenson84@imageshack.us,Male
294,gsellors85@disqus.com,Non-binary
295,ltoun86@shinystat.com,Male
296,iknappett87@google.fr,Male
297,dabramov88@ibm.com,Female
298,abranch89@1688.com,Female
299,ngascoyen8a@mlb.com,Agender
300,dtenpenny8b@newyorker.com,Male
301,lmaccook8c@unblog.fr,Male
302,aliggens8d@weebly.com,Non-binary
303,emanicomb8e@trellian.com,Female
304,cpenquet8f@parallels.com,Female
305,pkorfmann8g@slate.com,Female
306,kfoskew8h@meetup.com,Male
307,ajendrusch8i@github.com,Male
308,dyakovich8j@msn.com,Polygender
309,coxby8k@macromedia.com,Male
310,khannant8l@bbc.co.uk,Female
311,rivchenko8m@issuu.com,Male
312,cantoni8n@naver.com,Male
313,cwhipp8o@123-reg.co.uk,Polygender
314,emcclements8p@biblegateway.com,Male
315,wmulcahy8q@nps.gov,Female
316,klanceter8r@liveinternet.ru,Female
317,cthirwell8s@deviantart.com,Polygender
318,btench8t@shutterfly.com,Female
319,foakton8u@wordpress.org,Male
320,lgouldeby8v@cornell.edu,Male
321,ojanauschek8w@paypal.com,Male
322,egoodridge8x@hud.gov,Female
323,lbodham8y@phoca.cz,Female
324,mheister8z@altervista.org,Female
325,echowne90@dmoz.org,Male
326,igregol91@wisc.edu,Male
327,fhackleton92@dailymotion.com,Female
328,cbindley93@wired.com,Female
329,kglanvill94@house.gov,Female
330,wmegroff95@de.vu,Female
331,vdanson96@icio.us,Female
332,nduthy97@over-blog.com,Female
333,dshadwick98@amazonaws.com,Male
334,isidaway99@studiopress.com,Male
335,tlahy9a@parallels.com,Female
336,lscoggins9b@joomla.org,Female
337,foylett9c@mayoclinic.com,Male
338,rskrines9d@answers.com,Male
339,stovey9e@google.ru,Male
340,gjacox9f@netvibes.com,Male
341,kconnechie9g@mit.edu,Male
342,erubenfeld9h@census.gov,Female
343,sdarlison9i@storify.com,Female
344,mportchmouth9j@craigslist.org,Female
345,hpotes9k@umn.edu,Polygender
346,rwhyler9l@hubpages.com,Male
347,rclifft9m@geocities.com,Male
348,uthurlby9n@ebay.com,Female
349,mmcbay9o@goo.ne.jp,Male
350,fmacbain9p@de.vu,Male
351,rfigures9q@diigo.com,Female
352,blutas9r@tripadvisor.com,Male
353,csnedker9s@earthlink.net,Non-binary
354,uslisby9t@themeforest.net,Female
355,lcrosswaite9u@ebay.com,Female
356,broughley9v@tmall.com,Female
357,hburditt9w@phpbb.com,Female
358,jmaydway9x@163.com,Male
359,vshopcott9y@timesonline.co.uk,Male
360,mshawe9z@dell.com,Male
361,skashera0@themeforest.net,Female
362,sswindena1@ezinearticles.com,Male
363,dortona2@addtoany.com,Female
364,gghiraldia3@msn.com,Female
365,nlearmoutha4@businessweek.com,Male
366,xchaldera5@tiny.cc,Male
367,mfronczaka6@joomla.org,Non-binary
368,tkralea7@privacy.gov.au,Female
369,rhamletta8@blinklist.com,Female
370,lwilcockesa9@domainmarket.com,Male
371,gdelagnesaa@cisco.com,Female
372,gellacottab@dedecms.com,Male
373,hcounsellac@kickstarter.com,Male
374,mwindasad@about.me,Male
375,vlittrikae@jigsy.com,Female
376,tlongfieldaf@ihg.com,Male
377,zshillingtonag@canalblog.com,Female
378,chenrichsenah@cnn.com,Female
379,cwiffieldai@mediafire.com,Female
380,jmattenaj@github.io,Male
381,bocaheyak@histats.com,Male
382,glilleeal@wix.com,Female
383,mshivellam@gnu.org,Male
384,mfearnehoughan@webeden.co.uk,Male
385,jbloanao@homestead.com,Male
386,ndelepineap@godaddy.com,Female
387,zstovoldaq@umn.edu,Female
388,esouttarar@nhs.uk,Female
389,ddowleyas@newsvine.com,Male
390,mspaughtonat@ocn.ne.jp,Female
391,ppaulilloau@spotify.com,Male
392,frixonav@altervista.org,Male
393,spetrussiaw@uol.com.br,Female
394,dsislandax@smugmug.com,Male
395,tandreevay@paypal.com,Agender
396,rhortopaz@ebay.co.uk,Male
397,atironb0@github.com,Male
398,rbacherb1@sfgate.com,Female
399,iogavinb2@cmu.edu,Polygender
400,ccollyearb3@1688.com,Female
401,jturleb4@timesonline.co.uk,Male
402,shankinsonb5@jiathis.com,Female
403,cfehnerb6@java.com,Female
404,mcreesb7@bizjournals.com,Non-binary
405,jcallendarb8@psu.edu,Female
406,dillingworthb9@tinyurl.com,Male
407,ccurnnokkba@trellian.com,Male
408,efarnellbb@exblog.jp,Female
409,jpauntonbc@simplemachines.org,Male
410,cwhiteselbd@techcrunch.com,Male
411,jnattrassbe@histats.com,Female
412,ibrumptonbf@cbsnews.com,Female
413,fyendlebg@qq.com,Male
414,gcarnalanbh@shutterfly.com,Female
415,craynesbi@google.ca,Female
416,mpollbj@theatlantic.com,Female
417,fhealebk@blogs.com,Male
418,eslatcherbl@army.mil,Genderfluid
419,tmaceveleybm@cmu.edu,Genderfluid
420,ymichiebn@mysql.com,Female
421,mkieranbo@telegraph.co.uk,Female
422,bhoulistonbp@army.mil,Female
423,zkylesbq@addthis.com,Female
424,vcathesyedbr@auda.org.au,Male
425,clamontbs@bing.com,Female
426,aflaggbt@twitpic.com,Genderqueer
427,pstideverbu@howstuffworks.com,Female
428,aabrahamoffbv@wunderground.com,Female
429,kfaughnanbw@soup.io,Female
430,schongbx@ebay.co.uk,Female
431,fgarardby@ca.gov,Female
432,tberthelmotbz@ucla.edu,Male
433,umordanc0@ifeng.com,Male
434,jcrudenc1@hhs.gov,Female
435,jionc2@examiner.com,Female
436,iaddsc3@newyorker.com,Male
437,ckovnotc4@eventbrite.com,Female
438,dmasserelc5@homestead.com,Male
439,lyellc6@dmoz.org,Female
440,lmcenhillc7@opensource.org,Female
441,rfurphyc8@phoca.cz,Male
442,dmaccoughenc9@china.com.cn,Female
443,kattargeca@unblog.fr,Bigender
444,mglencb@wikispaces.com,Male
445,anazarethcc@marriott.com,Female
446,byocd@netscape.com,Genderqueer
447,lserrisce@ibm.com,Male
448,kansettcf@walmart.com,Female
449,csnelcg@fema.gov,Female
450,jpettersch@hud.gov,Female
451,dreefci@elpais.com,Male
452,jgwilliamcj@amazonaws.com,Male
453,slegrandck@wikia.com,Male
454,ngravestonecl@addtoany.com,Female
455,dandreaccicm@technorati.com,Male
456,gcollercn@latimes.com,Male
457,kohaganco@chron.com,Male
458,sbuddcp@fc2.com,Male
459,bstanioncq@admin.ch,Male
460,dcrowthecr@ycombinator.com,Male
461,lcarcascs@is.gd,Male
462,eambrogiolict@sbwire.com,Male
463,aguicecu@xrea.com,Male
464,jnattecv@webnode.com,Female
465,rgreensteadcw@weebly.com,Male
466,dcasassacx@stumbleupon.com,Male
467,ddumphriescy@dmoz.org,Agender
468,dcullernecz@kickstarter.com,Female
469,cprobettsd0@hibu.com,Female
470,dhenstoned1@google.com.br,Female
471,vharowerd2@abc.net.au,Male
472,rarboined3@dmoz.org,Male
473,hblankenshipd4@vimeo.com,Male
474,agundad5@homestead.com,Male
475,amallingd6@jigsy.com,Female
476,rworcsd7@vimeo.com,Male
477,bmarringtond8@google.pl,Male
478,eshutled9@g.co,Male
479,ibruckmanda@sciencedirect.com,Female
480,mbranchettdb@google.it,Male
481,jbirdsalldc@exblog.jp,Female
482,rwillcottdd@example.com,Female
483,mwindramde@theatlantic.com,Female
484,wcantydf@123-reg.co.uk,Male
485,yprisleydg@51.la,Male
486,jottawelldh@imgur.com,Male
487,frouselldi@gizmodo.com,Male
488,mtreadgerdj@skyrock.com,Female
489,achallinordk@newyorker.com,Female
490,ddorosariodl@harvard.edu,Female
491,wsatchdm@blog.com,Female
492,dberettadn@plala.or.jp,Agender
493,dgreenindo@psu.edu,Female
494,kbeatondp@gnu.org,Female
495,aramsaydq@jigsy.com,Male
496,kstittledr@newsvine.com,Male
497,cchinads@rambler.ru,Male
498,mkendelldt@flavors.me,Female
499,hwelchmandu@123-reg.co.uk,Male
500,smckunedv@archive.org,Male
501,espeightdw@artisteer.com,Male
502,mkubatschdx@redcross.org,Genderfluid
503,bjaycockdy@pinterest.com,Female
504,ebestalldz@hud.gov,Female
505,trammee0@google.co.jp,Female
506,bmcpartline1@linkedin.com,Female
507,klinggoode2@cyberchimps.com,Male
508,jruttye3@ca.gov,Female
509,bnewlyne4@rakuten.co.jp,Male
510,mpagitte5@goo.gl,Male
511,rdecourseye6@home.pl,Female
512,malderseye7@miitbeian.gov.cn,Non-binary
513,rcestarde8@webs.com,Male
514,keleye9@google.de,Male
515,lhammandea@mozilla.com,Female
516,lstairmandeb@ucsd.edu,Female
517,fgethinsec@techcrunch.com,Genderfluid
518,ddavidsened@intel.com,Female
519,nsauvenee@nsw.gov.au,Male
520,gclaysonef@nba.com,Male
521,adallmaneg@latimes.com,Male
522,mstuddeardeh@archive.org,Genderfluid
523,istrutzei@nba.com,Male
524,jallchinej@dailymotion.com,Male
525,jtinhamek@behance.net,Male
526,cgrationel@buzzfeed.com,Male
527,ofladeem@flickr.com,Female
528,lposthillen@loc.gov,Female
529,kwanneo@ezinearticles.com,Female
530,kbillingslyep@webmd.com,Female
531,hdrinkeldeq@twitter.com,Male
532,ocattermuller@nps.gov,Male
533,lohowbanees@patch.com,Female
534,vambrogettiet@biglobe.ne.jp,Female
535,glambertazzieu@adobe.com,Non-binary
536,mkynettev@eepurl.com,Male
537,cellinghamew@examiner.com,Female
538,gbarmadierex@wikia.com,Genderqueer
539,mbrauneey@independent.co.uk,Female
540,nrivesez@archive.org,Female
541,nimortf0@rakuten.co.jp,Male
542,gmcdowellf1@soundcloud.com,Female
543,cmackrof2@wufoo.com,Male
544,eosesnanef3@va.gov,Female
545,rlermouthf4@desdev.cn,Female
546,ralldayf5@liveinternet.ru,Male
547,njirakf6@woothemes.com,Female
548,mporrettf7@walmart.com,Female
549,jovensf8@telegraph.co.uk,Male
550,lshoryf9@yahoo.com,Male
551,hanwellfa@washington.edu,Female
552,ctoppesfb@google.com.br,Male
553,mdudderidgefc@ucsd.edu,Female
554,lpaffettfd@ycombinator.com,Female
555,pjankinfe@sourceforge.net,Male
556,criceardsff@house.gov,Male
557,cdenningfg@soup.io,Genderfluid
558,sgraveyfh@networkadvertising.org,Male
559,hgiffordfi@phpbb.com,Female
560,aoshielsfj@hubpages.com,Female
561,ogillerfk@stumbleupon.com,Male
562,nholdrenfl@fastcompany.com,Male
563,holerenshawfm@jimdo.com,Male
564,cdimondfn@microsoft.com,Genderqueer
565,hcarlinfo@skype.com,Male
566,dgladbachfp@histats.com,Female
567,apritchardfq@hubpages.com,Female
568,osatefr@shareasale.com,Male
569,ltwitchingsfs@hexun.com,Female
570,golenechanft@indiegogo.com,Female
571,ecampionefu@plala.or.jp,Male
572,kmccombefv@biglobe.ne.jp,Female
573,akindreadfw@about.me,Female
574,ddoersfx@time.com,Genderqueer
575,nriddettfy@nationalgeographic.com,Female
576,mwheblefz@51.la,Male
577,grodnightg0@nsw.gov.au,Male
578,glethlayg1@printfriendly.com,Female
579,fsawardg2@cafepress.com,Female
580,lwitherspoong3@about.me,Male
581,lriefg4@fotki.com,Female
582,nmaleckg5@virginia.edu,Genderfluid
583,rexellg6@com.com,Male
584,dcastiglionig7@ask.com,Female
585,fjeryg8@angelfire.com,Female
586,aabisettig9@disqus.com,Female
587,ncaudlega@printfriendly.com,Male
588,dfawdriegb@yandex.ru,Male
589,opalphramandgc@bizjournals.com,Female
590,vpenngd@japanpost.jp,Female
591,gfirminge@icio.us,Bigender
592,cprickettgf@psu.edu,Male
593,ldorninggg@army.mil,Male
594,hscardifieldgh@dropbox.com,Female
595,kdonigi@mapy.cz,Female
596,ksideygj@tumblr.com,Female
597,rcorteneygk@who.int,Male
598,lmervyngl@photobucket.com,Female
599,lmasseygm@1und1.de,Female
600,gfransinellign@multiply.com,Genderfluid
601,lthomtsongo@ask.com,Female
602,jpenkmangp@ihg.com,Female
603,apearegq@yahoo.com,Male
604,mrawoodgr@arizona.edu,Female
605,gpackingtongs@soup.io,Female
606,kklinkgt@webnode.com,Male
607,ccripingu@slideshare.net,Female
608,aeydengv@opensource.org,Agender
609,nmousbygw@reverbnation.com,Female
610,mruggierigx@miitbeian.gov.cn,Genderqueer
611,aclacegy@360.cn,Male
612,iraymondgz@apple.com,Non-binary
613,rdennehyh0@who.int,Female
614,otumah1@illinois.edu,Male
615,bcorradengoh2@addthis.com,Female
616,jgernerh3@canalblog.com,Male
617,adomneyh4@amazonaws.com,Female
618,alynskeyh5@joomla.org,Male
619,kgimbarth6@bizjournals.com,Male
620,ckochlh7@yolasite.com,Male
621,ncoupeh8@cisco.com,Male
622,bloberh9@blogspot.com,Female
623,oollerha@ebay.com,Female
624,cwinsburyhb@wired.com,Genderqueer
625,wdewishc@reddit.com,Male
626,eboshardhd@friendfeed.com,Female
627,ghaugehhe@stanford.edu,Male
628,aissachf@jiathis.com,Male
629,hfengehg@cisco.com,Female
630,tfrighthh@creativecommons.org,Male
631,dtownshendhi@wisc.edu,Female
632,rjurischhj@topsy.com,Male
633,fmaltsterhk@taobao.com,Male
634,apossahl@posterous.com,Female
635,ncamossohm@marketwatch.com,Female
636,cpaxfordehn@163.com,Female
637,shoulridgeho@google.de,Female
638,mmixonhp@archive.org,Male
639,nklebeshq@surveymonkey.com,Male
640,paughtonhr@delicious.com,Female
641,pfrakehs@dmoz.org,Female
642,dflegght@163.com,Female
643,djornhu@naver.com,Male
644,sdanhelhv@soup.io,Polygender
645,hbergethw@51.la,Male
646,aoferhx@issuu.com,Female
647,gbrahmerhy@unesco.org,Female
648,mdibbenhz@wikia.com,Female
649,ksyresi0@nature.com,Male
650,sjanouseki1@springer.com,Female
651,hgallyi2@fda.gov,Male
652,iaverayi3@issuu.com,Male
653,bpaulseni4@wp.com,Male
654,cbrezlawi5@ezinearticles.com,Female
655,vcreusi6@zimbio.com,Female
656,hskulei7@seattletimes.com,Female
657,gdreweti8@economist.com,Male
658,medsceri9@dailymotion.com,Female
659,tbyrchia@columbia.edu,Female
660,bsheridanib@ow.ly,Female
661,lvaneschiic@xing.com,Male
662,cbothamsid@amazon.com,Male
663,adewittie@xing.com,Female
664,jantrobusif@mozilla.org,Male
665,ekoppelig@edublogs.org,Female
666,fisbellih@bigcartel.com,Male
667,dhoulworthii@google.com.au,Male
668,rcozziij@storify.com,Bigender
669,ogonsalvezik@ning.com,Male
670,cbarryil@hc360.com,Female
671,saronoffim@cbsnews.com,Female
672,kpawseyin@ca.gov,Non-binary
673,csmaleio@gmpg.org,Female
674,kgadieip@toplist.cz,Male
675,bcolyeriq@bizjournals.com,Genderfluid
676,hhoveeir@bloglovin.com,Female
677,mtrevoris@blogspot.com,Male
678,ibarclayit@smh.com.au,Male
679,jamortiu@wisc.edu,Female
680,kjollieiv@sfgate.com,Male
681,ekettowiw@artisteer.com,Male
682,hpresdieix@blogger.com,Male
683,dhartroppiy@upenn.edu,Female
684,eribeiroiz@economist.com,Female
685,npauelj0@weebly.com,Genderfluid
686,tkobierzyckij1@twitpic.com,Male
687,lmackj2@slideshare.net,Male
688,amontelj3@webeden.co.uk,Female
689,telfordj4@xing.com,Male
690,mhourihanej5@goodreads.com,Male
691,klethibridgej6@usda.gov,Female
692,foglessanej7@purevolume.com,Female
693,tkeysj8@illinois.edu,Female
694,rkennaj9@imdb.com,Male
695,bgresswoodja@discuz.net,Female
696,ditzhaiekjb@amazon.co.jp,Female
697,bwrathmelljc@devhub.com,Male
698,ebogeyjd@omniture.com,Female
699,sbingellje@odnoklassniki.ru,Male
700,mgrationjf@utexas.edu,Male
701,jwoolvettjg@webnode.com,Male
702,haskamjh@parallels.com,Female
703,jwavishji@umich.edu,Male
704,klewingtonjj@house.gov,Female
705,sfaceyjk@example.com,Bigender
706,sjouhandeaujl@ow.ly,Female
707,kaskawjm@theglobeandmail.com,Female
708,nlanceleyjn@com.com,Male
709,ajerrardjo@arstechnica.com,Male
710,tbirkheadjp@blogtalkradio.com,Female
711,mchristyjq@msu.edu,Male
712,mlinkletjr@msn.com,Female
713,agrimsleyjs@newyorker.com,Male
714,mastburyjt@china.com.cn,Male
715,qdroganju@angelfire.com,Female
716,dranniejv@google.com,Male
717,rsnookjw@indiegogo.com,Male
718,nwharmbyjx@digg.com,Female
719,ngwatkinjy@dot.gov,Female
720,ttranmerjz@stumbleupon.com,Male
721,epaintaink0@washingtonpost.com,Male
722,dtorelk1@pbs.org,Female
723,jcudmorek2@fc2.com,Male
724,ploughk3@whitehouse.gov,Male
725,mhorchek4@reverbnation.com,Female
726,kshoutk5@macromedia.com,Female
727,lratkek6@yandex.ru,Female
728,mmolandk7@wisc.edu,Male
729,atrengrovek8@g.co,Bigender
730,rreicheltk9@gizmodo.com,Male
731,ktesoeka@dell.com,Female
732,mharburtsonkb@list-manage.com,Male
733,cpitbladokc@fc2.com,Female
734,wswaytonkd@cbsnews.com,Male
735,browlerke@nature.com,Male
736,rcasacchiakf@yellowbook.com,Male
737,mjobbinskg@bloglovin.com,Female
738,rcrawcourkh@macromedia.com,Female
739,anelthroppki@usgs.gov,Female
740,skellekj@sciencedaily.com,Female
741,nmurraykk@feedburner.com,Female
742,wenneverkl@ning.com,Female
743,jwortleykm@cnet.com,Female
744,fcharterskn@mashable.com,Male
745,ohegertyko@mac.com,Female
746,gwetherheadkp@answers.com,Agender
747,mcommuzzokq@who.int,Female
748,akirszkr@pbs.org,Female
749,nfrudeks@printfriendly.com,Female
750,trodsonkt@mac.com,Male
751,pboggasku@sogou.com,Male
752,sdaldrykv@vk.com,Male
753,ewebbornkw@xinhuanet.com,Male
754,mhowshipkx@barnesandnoble.com,Male
755,blohanky@howstuffworks.com,Female
756,hstockbridgekz@youtube.com,Non-binary
757,ldrisselll0@ted.com,Female
758,sdouldenl1@sfgate.com,Female
759,mcoatenl2@github.com,Male
760,asamwelll3@theatlantic.com,Male
761,lyarnleyl4@economist.com,Male
762,kblackfordl5@purevolume.com,Female
763,ochattersl6@edublogs.org,Male
764,rgummeryl7@huffingtonpost.com,Male
765,nruitl8@java.com,Male
766,omccloughlinl9@oaic.gov.au,Female
767,tstrikerla@bandcamp.com,Female
768,ssouthworthlb@nsw.gov.au,Male
769,fborzonilc@purevolume.com,Male
770,wrapinld@cbc.ca,Female
771,kshobbrookle@sourceforge.net,Non-binary
772,bcadlelf@people.com.cn,Female
773,chilliamlg@nbcnews.com,Female
774,cbrickseylh@howstuffworks.com,Female
775,edudnyli@washington.edu,Female
776,dmcquarrielj@live.com,Male
777,gnuzzilk@instagram.com,Polygender
778,sgaughanll@technorati.com,Male
779,cparkinslm@oaic.gov.au,Female
780,bkendrickln@macromedia.com,Male
781,rholahlo@princeton.edu,Female
782,dgaddlp@technorati.com,Male
783,ganneslq@google.nl,Female
784,eledfordlr@latimes.com,Male
785,dgoldisls@soup.io,Male
786,ebenasiklt@google.co.jp,Male
787,rgrisslu@skype.com,Male
788,ccornillilv@fastcompany.com,Male
789,bmacconaghylw@parallels.com,Male
790,saldwincklelx@blogs.com,Female
791,tmcgilvraly@paginegialle.it,Female
792,lesposilz@businessinsider.com,Male
793,vseylerm0@hc360.com,Male
794,kpashbym1@engadget.com,Female
795,tslimmingm2@wisc.edu,Female
796,sivanichevm3@google.it,Female
797,bbearm4@bloomberg.com,Male
798,jquilleashm5@google.nl,Non-binary
799,gpetticanm6@shinystat.com,Agender
800,jbonhanm7@mac.com,Male
801,beberdtm8@jalbum.net,Female
802,kambrozikm9@kickstarter.com,Male
803,fduthiema@eepurl.com,Male
804,njakubowiczmb@tripod.com,Female
805,acradockmc@illinois.edu,Male
806,kyesinovmd@sitemeter.com,Male
807,jmatyjame@telegraph.co.uk,Male
808,ktiddymf@usnews.com,Female
809,icrowcummg@tumblr.com,Male
810,steliginmh@instagram.com,Bigender
811,emakepeacemi@blogtalkradio.com,Male
812,iantrobusmj@amazon.co.uk,Male
813,dglisanemk@arizona.edu,Female
814,jbroadberrieml@godaddy.com,Female
815,abattistamm@youtube.com,Female
816,hclanceymn@hibu.com,Female
817,oarchiboldmo@livejournal.com,Female
818,arenshawmp@japanpost.jp,Male
819,lallardycemq@wikipedia.org,Female
820,mcrocombemr@ovh.net,Male
821,ccobdenms@nature.com,Female
822,imacmychemmt@google.cn,Female
823,lmelbertmu@samsung.com,Agender
824,gmosedillmv@addthis.com,Male
825,fredhillsmw@whitehouse.gov,Male
826,cglanestermx@yolasite.com,Female
827,tkilgallenmy@cpanel.net,Male
828,bhuertamz@pbs.org,Polygender
829,libotsonn0@timesonline.co.uk,Female
830,mcraftn1@telegraph.co.uk,Female
831,ufulkn2@thetimes.co.uk,Male
832,gclaibournn3@printfriendly.com,Male
833,nrockwelln4@tiny.cc,Female
834,dvautreyn5@howstuffworks.com,Female
835,sduron6@flickr.com,Female
836,crappan7@nymag.com,Female
837,gfromantn8@abc.net.au,Female
838,cwookeyn9@free.fr,Female
839,jkarolovskyna@ycombinator.com,Female
840,gaspeynb@shutterfly.com,Female
841,dvizardnc@ed.gov,Female
842,broachend@photobucket.com,Male
843,mprycene@eepurl.com,Male
844,bmountainnf@msn.com,Male
845,carnsonng@vk.com,Female
846,droziernh@weather.com,Male
847,kfitchettni@mozilla.com,Female
848,levansonnj@chron.com,Male
849,hlatannk@multiply.com,Female
850,rsaichnl@ucla.edu,Female
851,mdrewenm@moonfruit.com,Female
852,browternn@nationalgeographic.com,Female
853,gbrotheridgeno@multiply.com,Male
854,lhighwoodnp@nsw.gov.au,Female
855,rlokernq@cafepress.com,Male
856,kburkernr@biblegateway.com,Male
857,ncayettens@storify.com,Male
858,ichristolnt@google.co.jp,Male
859,mroddernu@buzzfeed.com,Female
860,lbiggennv@indiegogo.com,Female
861,klumleynw@ihg.com,Genderfluid
862,mglentonnx@google.co.uk,Male
863,vsummersny@sciencedirect.com,Female
864,nalessandrininz@theatlantic.com,Female
865,sbuseno0@symantec.com,Female
866,cdifrancecshio1@bbb.org,Female
867,ctabretto2@msn.com,Female
868,cheathwoodo3@mlb.com,Female
869,rskidmoreo4@un.org,Polygender
870,wspatigo5@blogs.com,Male
871,awilldero6@google.pl,Male
872,zdummero7@aol.com,Male
873,meltoneo8@newsvine.com,Male
874,kwigano9@paypal.com,Male
875,rhowgegooa@bloglines.com,Male
876,jpeersob@yellowbook.com,Bigender
877,mhargoc@rambler.ru,Agender
878,gfridayod@webmd.com,Male
879,lantoschoe@mapquest.com,Male
880,rwrightemof@nhs.uk,Male
881,bfiorentinoog@domainmarket.com,Female
882,sjollimanoh@princeton.edu,Male
883,ledelheitoi@marketwatch.com,Genderfluid
884,bwillmottoj@amazon.co.uk,Female
885,cbroeok@admin.ch,Female
886,ceilerol@yelp.com,Male
887,darnleyom@senate.gov,Female
888,atarquinioon@reuters.com,Genderqueer
889,iaseloo@narod.ru,Female
890,lmarstersop@bloglovin.com,Female
891,sgeerlingoq@istockphoto.com,Male
892,elanghorneor@e-recht24.de,Female
893,fwhinneyos@yelp.com,Female
894,goniansot@twitpic.com,Male
895,dlambillionou@sina.com.cn,Male
896,zdacombeov@joomla.org,Female
897,alongmoreow@usatoday.com,Female
898,tmckeadyox@mozilla.com,Female
899,rgilcriestoy@abc.net.au,Male
900,ederkesoz@wikimedia.org,Female
901,hcowndleyp0@census.gov,Female
902,mgreaterexp1@free.fr,Female
903,dtrubshawp2@hostgator.com,Female
904,eeskriettp3@examiner.com,Male
905,mmccaskillp4@redcross.org,Male
906,scampaignep5@over-blog.com,Male
907,hdoumerquep6@instagram.com,Genderqueer
908,abeardsleyp7@baidu.com,Female
909,mlesorp8@rambler.ru,Male
910,wshoulderp9@indiegogo.com,Genderqueer
911,nshoppeepa@zdnet.com,Female
912,rbrazearpb@sciencedaily.com,Male
913,bwillockpc@ovh.net,Male
914,ndrewspd@uiuc.edu,Bigender
915,dbanbrookpe@bing.com,Male
916,svenningspf@chronoengine.com,Female
917,clitchmorepg@princeton.edu,Genderqueer
918,cstringerph@t.co,Male
919,asummersidepi@stumbleupon.com,Male
920,cgleaderpj@rakuten.co.jp,Female
921,yburnelpk@phoca.cz,Genderqueer
922,bthrowerpl@amazon.de,Male
923,kwigfallpm@nps.gov,Bigender
924,tbloxsomepn@topsy.com,Male
925,dhicklingbottompo@clickbank.net,Male
926,lstiegerspp@huffingtonpost.com,Female
927,cvarnepq@flavors.me,Female
928,smaffettipr@cargocollective.com,Male
929,rfinlowps@i2i.jp,Male
930,ebibbiept@yellowpages.com,Male
931,mbortolettipu@bigcartel.com,Female
932,dbarthropppv@fotki.com,Female
933,dmacfiepw@businesswire.com,Female
934,dbottonpx@guardian.co.uk,Female
935,fbyshpy@spiegel.de,Bigender
936,wadamepz@vimeo.com,Female
937,lbraileyq0@latimes.com,Female
938,ndroghanq1@usda.gov,Female
939,mcaigq2@utexas.edu,Female
940,sflawsq3@digg.com,Female
941,ksideq4@sciencedirect.com,Male
942,rvlasyevq5@cornell.edu,Male
943,amithunq6@jimdo.com,Female
944,sdepkeq7@merriam-webster.com,Male
945,ewinksq8@unesco.org,Female
946,candreottiq9@goo.gl,Female
947,kwestmacottqa@engadget.com,Female
948,bhilldrupqb@amazon.com,Female
949,wbadsworthqc@qq.com,Female
950,dgillinghamsqd@barnesandnoble.com,Female
951,msearleqe@columbia.edu,Female
952,jmonkhouseqf@4shared.com,Genderqueer
953,abugbeeqg@google.it,Female
954,chollidgeqh@google.ca,Male
955,hluciaqi@cam.ac.uk,Male
956,lbahlsqj@live.com,Male
957,kyanshonokqk@dailymotion.com,Female
958,hbartoszewiczql@blog.com,Female
959,harondelqm@admin.ch,Male
960,stollerqn@hibu.com,Male
961,dsandyfordqo@dyndns.org,Male
962,fstainqp@google.de,Female
963,rrasmusqq@nih.gov,Female
964,safonsoqr@usa.gov,Male
965,scowqs@google.com.hk,Female
966,rbletsoqt@senate.gov,Female
967,cstennardqu@amazonaws.com,Male
968,rgilhouleyqv@dyndns.org,Male
969,cmcnelisqw@sourceforge.net,Female
970,vstrippqx@google.com.au,Female
971,jphaupqy@is.gd,Male
972,adelgadilloqz@vistaprint.com,Female
973,jlaleveer0@abc.net.au,Female
974,zlehrerr1@msn.com,Non-binary
975,mpeircer2@uiuc.edu,Female
976,pmcginnisr3@stumbleupon.com,Female
977,dbrewittr4@cloudflare.com,Female
978,ktrottonr5@over-blog.com,Female
979,asangrar6@amazon.de,Female
980,lhoutenr7@redcross.org,Female
981,mvarndallr8@hp.com,Male
982,eohoner9@livejournal.com,Female
983,tbuttwellra@vinaora.com,Female
984,bvelasquezrb@ed.gov,Female
985,ikilmasterrc@netscape.com,Male
986,mnazarethrd@hubpages.com,Male
987,yhargiere@spotify.com,Female
988,lmcmackinrf@icq.com,Female
989,piglesiarg@miitbeian.gov.cn,Female
990,bchampnissrh@privacy.gov.au,Male
991,ccisarri@hibu.com,Male
992,hhurlestonerj@bravesites.com,Male
993,cdibblerk@deliciousdays.com,Male
994,dchristoffelsrl@shutterfly.com,Male
995,smushawerm@npr.org,Male
996,bwarlawrn@aboutads.info,Female
997,tschlagro@usatoday.com,Male
998,abeabyrp@ustream.tv,Male
999,gmillsrq@nationalgeographic.com,Male
1000,gspekerr@opensource.org,Female
