id,first_name,last_name
1,Eward,Tosspell
2,Mureil,Bumby
3,Issiah,Prosch
4,Lek,Werner
5,Haleigh,Lyffe
6,Annnora,Dounbare
7,Karita,Mucklestone
8,Kayne,Flescher
9,Carol-jean,Loidl
10,Paddy,Greensall
11,Shani,Barbier
12,Frederigo,Fowley
13,Kata,Gue
14,Garland,Nowakowska
15,Jerad,Brideaux
16,Catha,Riccardelli
17,Stefania,Grieveson
18,Georg,Muscat
19,Kelly,Dmitriev
20,Ransom,Maypes
21,Lanny,Whye
22,Bevin,Balden
23,Teodora,Chantrell
24,Arley,Gasking
25,Calley,Quick
26,Donielle,Evans
27,Sanford,Wigley
28,Tristam,Littledike
29,Shelly,Son
30,Manfred,Gapp
31,Rosella,McLoney
32,Harland,Dallas
33,Alys,Vonasek
34,Iver,Zapater
35,Viviyan,Yushankin
36,Rosana,Dadson
37,Koenraad,Tummons
38,Sherwynd,Arnoud
39,Sophey,Pepperd
40,Shurlocke,Philpin
41,Joanne,Di Iorio
42,Lyn,Kellen
43,Gerek,Gordon
44,Ivette,Christall
45,Florinda,Renison
46,Karlens,Rayman
47,Alene,Goodlad
48,Putnem,Couvet
49,Holli,Dyter
50,Annaliese,Broadstock
51,Jordan,Greer
52,Rozina,Najara
53,Samuele,Mullender
54,Maegan,Lenard
55,Darb,Filmer
56,Millard,Linfield
57,Tedra,Goddard
58,Blair,Creagh
59,Mano,Bampford
60,Lorita,Keppie
61,Friedrich,Jacox
62,Ardis,Capper
63,Quentin,Krinks
64,Valentijn,Sawkins
65,Kathleen,Jannings
66,Flossi,Dudman
67,Danni,McJerrow
68,Keriann,Langham
69,John,Barras
70,Troy,Reynoollds
71,Trip,Piel
72,Shawna,Docharty
73,Tomasina,Pedrielli
74,Bronny,Shouler
75,Templeton,Garrattley
76,Austen,Ridout
77,Bruno,Notman
78,Elfreda,Aingel
79,Liam,Kettlewell
80,Jaquenetta,MacAiline
81,Maryanna,Milleton
82,Fayre,Piechnik
83,Mirilla,Muckley
84,Valry,Mayne
85,Lila,Arboin
86,Bettye,Hollidge
87,Guido,Rajchert
88,Shelby,Dutson
89,Hilarius,Rayment
90,Misti,Aizlewood
91,Marline,Masson
92,Leontyne,Marsters
93,Oona,Capaldo
94,Kessiah,McInally
95,Jacky,Chittock
96,Zorana,Manion
97,Lexi,Laydel
98,Conrade,Cumesky
99,Man,Lutzmann
100,Louisa,Stuchbery
101,Jerrome,Nern
102,Elayne,Peirson
103,Andrea,Lovelace
104,Jackie,Finder
105,Cory,Mordecai
106,Lock,Louden
107,Shadow,Maddams
108,Joline,Laundon
109,Brendin,Koeppke
110,Iago,Wogan
111,Gram,Cobbledick
112,Creighton,Dudleston
113,Izaak,Seath
114,Charissa,Luten
115,Frederica,Bruty
116,Dougie,Amps
117,Tiebold,Lissemore
118,Ladonna,Giraldo
119,Willie,Ledward
120,Zitella,Craven
121,Laurena,Boase
122,Alvy,Klyner
123,Mady,Ambrogelli
124,Elbertine,Napoli
125,Ursuline,Gilburt
126,Donetta,Batter
127,Maximilianus,Connechy
128,Aguistin,Cattow
129,Erika,MacDermott
130,Butch,Ivanovic
131,Osmund,Tracey
132,Kahaleel,Blockwell
133,Truman,Croan
134,Minny,Ilem
135,Hattie,Stearnes
136,Ali,Hardiman
137,Saunderson,Itter
138,Nancy,Fright
139,Denny,Blower
140,Cheryl,Stonhouse
141,Fields,Pirelli
142,Gisella,Pearde
143,Lynnette,Colomb
144,Mia,Pinchback
145,Melisa,Loynes
146,Dareen,Meus
147,Brear,Cars
148,Daveen,Kupis
149,Anny,Micco
150,Peggi,Syddon
151,Albertine,Keppie
152,Sarena,Haddon
153,Harriot,Spinage
154,Shanon,Pesic
155,Xymenes,Adkin
156,Jeralee,Taffurelli
157,Kissee,Blake
158,Roanna,Coronas
159,Cloris,Abels
160,Arney,Slocket
161,Chic,Quinn
162,Rochester,Figgins
163,Dorita,Disbury
164,Efren,Depport
165,Fleurette,Jess
166,Carly,Rock
167,Karon,Hindshaw
168,Bessy,Jedrzaszkiewicz
169,Tuck,Francesch
170,Georg,Rummings
171,Kim,Stegel
172,Sheppard,Wale
173,Joyce,Crooke
174,Felipa,Wendover
175,Elora,Antonacci
176,Langsdon,Grant
177,Piotr,Cummings
178,Nanice,Devereu
179,Robbyn,Balstone
180,Lelia,Magnay
181,Inigo,Andric
182,Cati,Seawell
183,Rowe,Lapthorn
184,Shina,Ebbetts
185,Ethel,Dunderdale
186,Desiri,Castellani
187,Rey,Nestor
188,Adda,Emmott
189,Derron,Orrey
190,Tobit,Greschik
191,Renado,Carn
192,Rafaellle,Dewick
193,Maire,Tratton
194,Lindy,Kmietsch
195,Rita,Bickersteth
196,Nananne,Haselhurst
197,Timothee,Beynke
198,Melitta,Donaho
199,Harvey,Sorel
200,Cob,Yakuntsov
201,Micheal,Vanyarkin
202,Meredith,Heiden
203,Rozalin,Mattiato
204,Felita,Bearblock
205,Thomasine,Moughton
206,Cordell,Fend
207,Binni,Croughan
208,Chrisy,Lower
209,Violette,Youles
210,Bobbi,Cuttin
211,Hayes,Bell
212,Jere,Prettyman
213,Conrado,Pothergill
214,Deb,Collingridge
215,Iris,Thain
216,Michaella,Lindholm
217,Efrem,Ply
218,Gaye,Imorts
219,Loree,Paumier
220,Salvidor,Necrews
221,Rheta,Varvara
222,Emanuel,Haresnaip
223,Jan,Reddie
224,Inna,Cutford
225,Colman,Bendixen
226,Agnese,Aldine
227,Alford,Dasent
228,Melva,Guthrum
229,Susan,Keefe
230,Bryan,Spinas
231,Rebecka,Mallabund
232,Carley,Bilbrook
233,Templeton,Van Bruggen
234,Marlee,Grabb
235,Inga,Suscens
236,Lou,Maggorini
237,Melisenda,Northey
238,Sanders,Sellack
239,Delphinia,Valentinuzzi
240,Nerty,Pleat
241,Bernete,Dunbobbin
242,Karmen,Cotesford
243,Farra,Biesinger
244,Gerta,Wortman
245,Teodor,Swaile
246,Norby,Towson
247,Bernarr,Pouck
248,Mady,Glisane
249,Blaire,Bowditch
250,Loraine,Howard
251,Eldredge,Banasevich
252,Chauncey,Ince
253,Nathan,Churchlow
254,Dudley,Rens
255,Merry,Ellens
256,Myer,Mattea
257,Leelah,Mungan
258,Janot,Syfax
259,Chrissy,Gooden
260,Philippine,Couronne
261,Gaynor,Slaght
262,Brigid,Hubatsch
263,Karina,Handke
264,Alix,Rawsthorne
265,Lizzy,Wauchope
266,Millard,Alexandre
267,Chickie,Heaps
268,Shaylah,Dowthwaite
269,Torrin,Parrott
270,Cordula,Siveyer
271,Vincenty,MacFadden
272,Kirk,Wearn
273,Ambrosio,Wesgate
274,Tedie,Gregine
275,Prentiss,Cosbee
276,Herb,Kruschev
277,Clive,Timbrell
278,Conrade,Durbann
279,Aleece,Hysom
280,Casey,Earengey
281,Clarice,Palleske
282,Wainwright,Ruecastle
283,Doris,McAline
284,Ezequiel,Simpkins
285,Mable,Oulet
286,Ester,McDonand
287,Britni,Stanistreet
288,Renard,Peters
289,Morey,Levet
290,Alva,Bing
291,Mae,Gunston
292,Tabatha,Ansley
293,Giuditta,Kesby
294,Trenton,Caudle
295,Letti,Lauthian
296,Uriel,Rowntree
297,Shana,Muncaster
298,Isaak,Lathwell
299,Grace,Gladdish
300,Marthena,Daniells
301,Shari,Tunno
302,Tadeo,Ilyinski
303,Ermin,Cossum
304,Allison,Whales
305,Lloyd,Twede
306,Gregg,Pizzie
307,Beverly,Berridge
308,Joanie,Merfin
309,Barry,Jaeggi
310,Charo,Giottoi
311,Olvan,Bellward
312,Niven,Wadham
313,Clarisse,Kivits
314,Merrili,Becerra
315,Madelaine,Holttom
316,Alyson,O'Hdirscoll
317,Ermengarde,Boeck
318,Jo,Knatt
319,Ingaberg,Hawford
320,Shawna,Draye
321,De witt,Jurick
322,Madonna,Treby
323,Myron,Kuna
324,Imogen,Raggatt
325,Seymour,Bannell
326,Zelma,Revie
327,Marylou,Mac
328,Diane,Garroch
329,Sharla,Cleugher
330,Gilles,Joao
331,Dalston,Stratton
332,Minna,Varne
333,Berni,Grotty
334,Paulette,Menear
335,Maggy,Hegarty
336,Abel,Bernolet
337,Mikol,Renshall
338,Tory,Colombier
339,Ulick,Kassman
340,Maurice,Seres
341,Daniele,Stein
342,Grenville,Dingate
343,Konstanze,Lanyon
344,Byrom,Escala
345,Emmery,Branscombe
346,Alvie,Breche
347,Ertha,Duval
348,Irving,MacCague
349,Arron,Trembath
350,Dena,Memmory
351,Romeo,Hartrick
352,Virge,Heaney
353,Cordula,Toffts
354,Hubie,Sellack
355,Carmita,Lemmon
356,Fin,Bogace
357,Holli,Rustich
358,Charin,Ledington
359,Carine,Filchagin
360,Thea,Kearford
361,Carny,Durie
362,Clyve,Doogood
363,Ardisj,Lipscomb
364,Pam,Rubenchik
365,Norris,Hanretty
366,Marion,Allabarton
367,Filbert,Hawford
368,Nye,Braidwood
369,Willie,Djordjevic
370,Garold,Bushby
371,Nelle,Guidotti
372,Analiese,Brasse
373,Flore,Paskins
374,Tonia,Piell
375,Horst,Moult
376,Glenine,Chaperlin
377,Gannon,Latour
378,Peirce,Rany
379,Dix,Housley
380,Maura,Derdes
381,Andree,Bend
382,Pearl,Tyndall
383,Sabrina,Chelam
384,Abby,Persitt
385,Sharona,Barks
386,Sherman,Scallon
387,Salmon,Godden
388,Merna,Brandon
389,Rosanne,Waldera
390,Netti,Holtum
391,Cherey,Been
392,Reider,Bonhome
393,Ambrosio,Wolfendell
394,Saraann,Margrie
395,Dorri,Etridge
396,Carroll,Berkowitz
397,Bernadina,Pendell
398,Hyatt,Pendleberry
399,Keelia,Arden
400,Chaddie,Croxley
401,Glendon,Holehouse
402,Daisy,Langeley
403,Davida,Corthes
404,Ari,Chidgey
405,Earle,Boij
406,Elsey,Patient
407,Alfonso,Gotter
408,Wesley,Eliasen
409,Stacie,Locker
410,Edi,Hedgeman
411,Ninetta,Ellard
412,Jeannie,Tuberfield
413,Hendrika,Hankinson
414,Woodman,Rodders
415,Nap,Akenhead
416,Pierre,Habbershon
417,Jourdain,Howat
418,Joceline,Pavic
419,Verge,McGrath
420,Winonah,Halbard
421,Malvin,Powlesland
422,Loren,Yakubovich
423,Raquela,Wonham
424,Delmer,Ongin
425,Hagan,Rosenbaum
426,Feodor,Carlino
427,Vivyanne,Van Der Vlies
428,Jaimie,Bossons
429,Willey,Titcombe
430,Melisa,Osburn
431,Mufi,Holby
432,Ewell,De Biaggi
433,Irving,Dashkovich
434,Brandea,Siemons
435,Lira,Crowne
436,Marsha,Braidman
437,Farlay,Parnham
438,Corilla,Clegg
439,Joell,Dunning
440,Abbie,Benbrick
441,Nikita,Evill
442,Antonietta,McMenamin
443,Ewell,Mazzia
444,Pia,Patemore
445,Templeton,Windas
446,Raf,Enderlein
447,Desiree,Burnell
448,Alyss,Girk
449,Nilson,Crassweller
450,Aldric,Izaks
451,Hervey,Ofener
452,Julianna,Simakov
453,Selia,Pyford
454,Lovell,Harrald
455,Broddy,Clell
456,Carrie,Aronoff
457,Rosemonde,Blackaller
458,Enrique,MacAless
459,Cammy,O' Dornan
460,Timi,Trousdale
461,Hilary,Missenden
462,Vilma,Mordue
463,Ranique,Honacker
464,Caryn,Nouch
465,Shermie,Leese
466,Alena,Brewett
467,Liza,Shuttell
468,Bentley,Cresar
469,Roby,Ravenhill
470,Norah,Priver
471,Bev,Boatwright
472,Marcile,Banker
473,Chelsie,Lawland
474,Benny,Kinastan
475,Dennie,Avramchik
476,Jenifer,Glenn
477,Mortie,Oels
478,Toby,Coverley
479,Modestine,Bracken
480,Adams,Botten
481,Adham,Stang-Gjertsen
482,Randie,Stockney
483,Carroll,Adderson
484,Melvyn,O'Lunny
485,Bridie,Askie
486,Hetti,Lindenman
487,Darya,Chaff
488,Urbano,Olivetti
489,Madeleine,Lyngsted
490,Charlie,Zima
491,Kele,Treffry
492,Ange,Caramuscia
493,Koenraad,Yakovitch
494,Agosto,Croker
495,Birdie,Willes
496,Ruthann,Gribbell
497,Adriena,Manwell
498,Keelia,Ashfull
499,Anastasie,Frantzeni
500,Julita,Ruddock
501,Kirbee,McGroarty
502,Luise,Trenear
503,Jillana,Board
504,Arleen,Hunter
505,Yolande,Grimsdale
506,Rufus,Opdenort
507,Cheryl,Mokes
508,Van,Nan Carrow
509,Ealasaid,Jewer
510,Alaine,Felipe
511,Ashil,Hearne
512,Erwin,Sussams
513,Jordan,Woolmore
514,Nesta,Attewill
515,Whittaker,Vooght
516,Avigdor,Boyall
517,Farrand,Gandey
518,Aubine,McKeighen
519,Datha,Killough
520,Teresita,Cartmael
521,Werner,Manicomb
522,Galvin,Robillart
523,Joletta,Hardwell
524,Timmy,Raulston
525,Justin,Carbery
526,Crista,Baldery
527,Mair,Rodie
528,Pip,Lyon
529,Doralin,Mouncher
530,Alethea,Work
531,Marion,Perroni
532,Luke,Killiner
533,Loutitia,Connikie
534,Brandice,Shackel
535,Florella,Spilsburie
536,Corbett,Shenfisch
537,Celinka,Kilpin
538,Allina,Offen
539,Mart,Trevers
540,Gerald,Whiffen
541,Iseabal,Leonarde
542,Chet,Fearneley
543,Em,Frawley
544,Gibby,Kildale
545,Keeley,Mc Carroll
546,Doreen,Arden
547,Brnaby,Ucceli
548,Ronda,Halls
549,Eustacia,Copestick
550,Ros,Spradbrow
551,Langsdon,Odo
552,Luis,Scrivenor
553,Arleta,Kwietak
554,Ermin,Inkles
555,Marcella,Illingworth
556,Margette,Kleehuhler
557,Natalie,Donne
558,Peder,MacConnell
559,Quintin,Keener
560,Davin,Stothert
561,Morena,Vassbender
562,Cherri,Hellwich
563,Yoshi,Hudson
564,Esme,Goullee
565,Boony,Meigh
566,Toddy,Kordova
567,Annelise,Rimbault
568,Skelly,Haggith
569,Marys,Elintune
570,Yvonne,Ventura
571,Lawrence,Hoyt
572,Sheri,Yitzovitz
573,Adaline,Hanhard
574,Franky,Reape
575,Brad,Geeve
576,Laryssa,Janoch
577,Hilliary,Pellamont
578,Chloris,Perott
579,Shaine,Huntingdon
580,Marsiella,Johnston
581,Bale,Francecione
582,Alexa,Fountian
583,Luther,Nafziger
584,Giacobo,Gerald
585,Philippine,Standring
586,Tammy,Dessaur
587,Bale,Ivan
588,Rosy,Nelle
589,Fulvia,Winnister
590,Bogart,Twitchett
591,Durante,Stallion
592,Dionne,Vyel
593,Moshe,Klus
594,Fianna,Duffit
595,Tucker,Liquorish
596,Husain,Goggey
597,Tani,Twelves
598,Con,O'Cannon
599,Parsifal,Mathiassen
600,Alasteir,Rassell
601,Anjela,Tudhope
602,Clarette,Elcomb
603,Stacey,Theseira
604,Andy,Icom
605,Emylee,Ilyinski
606,Noel,Cowcha
607,Blaire,Cudbertson
608,Poppy,MacMechan
609,Agathe,Lindell
610,Nettle,Mollitt
611,Sheila-kathryn,Fairbanks
612,Sydelle,Evensden
613,Reta,Gummer
614,Alysia,Lurriman
615,Kin,Shatford
616,Nichol,Wylam
617,Caren,Lummus
618,Kerrie,Matthessen
619,Neill,Southway
620,Jae,Bridle
621,Rose,Mohammed
622,Cord,MacColm
623,Jennica,Farge
624,Reggie,Beuscher
625,Tremayne,Rothschild
626,Zacharias,Dorton
627,Aluino,Imison
628,Vassily,Wyllt
629,Zollie,Sweating
630,Darla,Dorkins
631,Moise,Senn
632,Karina,Shilvock
633,Katuscha,Jahnke
634,Teena,Philipeaux
635,Cirillo,Crankshaw
636,Adolphe,Weildish
637,Joyous,Kinkade
638,Jason,Binns
639,Jemimah,Foskin
640,Selia,Boothe
641,Fanny,Haycox
642,Rowney,Leavesley
643,Suzette,Karchowski
644,Karin,Tweddell
645,Jeremiah,MacKeig
646,Tammie,Paroni
647,Pavla,Pandya
648,Augustus,Saffe
649,Buffy,Seckom
650,Kristan,Blackham
651,Jesselyn,Igounet
652,Aristotle,Ridge
653,Julian,Morgue
654,Adelice,Robbert
655,Cristabel,Northing
656,Petey,Coulthard
657,Eudora,Lazenbury
658,Georgi,Puttock
659,Gayla,Firebrace
660,Rici,de Almeida
661,Orsa,Shitliffe
662,Brandea,Delgua
663,Sumner,Kale
664,Karol,Solly
665,Carolus,Garrattley
666,Melesa,Olpin
667,Blondie,De la Eglise
668,Babbie,Sighart
669,Pris,Van Ross
670,Nonah,Dunnan
671,Catlaina,Sudran
672,Brittaney,O'Shirine
673,Griselda,Napleton
674,Rafa,Gregoraci
675,Barrie,Annwyl
676,Merna,Rawlings
677,Chickie,Gurko
678,Barbabas,Jandel
679,Nester,Whibley
680,Rriocard,Talkington
681,Georgetta,Cooksey
682,Gratia,Dellenbrok
683,Netty,Bark
684,Marilyn,Jewson
685,Jammal,McGillacoell
686,Halie,Obee
687,Tabina,Stigell
688,Ameline,Kimblen
689,Afton,Murrum
690,Esta,Thornborrow
691,Burr,Bechley
692,Jasmine,Calterone
693,Drud,Davidai
694,Farly,Prichard
695,Marcellina,Heiss
696,Camala,Stillert
697,Worden,Simner
698,Sebastian,Screas
699,Joseph,Stoven
700,Revkah,Brookes
701,Christabella,Chooter
702,Anders,Khilkov
703,Shermy,Clem
704,Huberto,Ollerearnshaw
705,Nikolos,Nias
706,Tessa,Layborn
707,Camile,Dunks
708,Natalina,Weedon
709,Brocky,Sherlock
710,Amandy,Casone
711,Arron,Breacher
712,Jilly,Escalera
713,Channa,Kenvin
714,Guendolen,Keford
715,Manolo,McIlmorow
716,Indira,Wilkenson
717,Elmo,Truluck
718,Raymund,Yashin
719,Wandie,Swanston
720,Carson,Augur
721,Tallia,Liptrot
722,Salomone,Errol
723,Dewey,Gameson
724,Pepe,Spencock
725,Jake,Veltmann
726,Sumner,Ruf
727,Meridel,Skehan
728,Erie,Jervoise
729,Joya,Pettersen
730,Emogene,Keeler
731,Johnathan,Engall
732,Tades,Purselow
733,Frank,MacGiany
734,Yoshiko,Malan
735,Claudio,Keith
736,Fayina,Treasaden
737,Dewitt,Seacroft
738,Perla,Pynner
739,Simona,Stansall
740,Shirley,Trayhorn
741,Marnia,Pieracci
742,Rudd,Marner
743,Ulrica,Normanvell
744,Jose,McClunaghan
745,Ida,Sandey
746,Stephanus,Corrao
747,Harli,Asling
748,Philip,Baitman
749,Herc,Hickeringill
750,Rolando,Rieger
751,Aggy,O'Fogerty
752,Theadora,Swadlin
753,Ernaline,Addekin
754,Chip,Romke
755,Cilka,Spratling
756,Jason,Tweddle
757,Godard,Bukac
758,Clayborn,Novacek
759,Helen-elizabeth,Sorton
760,Yehudit,McColgan
761,Roana,Eggers
762,Ranee,Snepp
763,Almira,Drakes
764,Keeley,Purslow
765,Red,Scotter
766,Glyn,Kenforth
767,Dianemarie,Stennard
768,Annie,Heaney`
769,Ulrica,Igonet
770,Amandi,Roads
771,Ardeen,Greatland
772,Tootsie,Alston
773,Colman,Headingham
774,Nickey,Rolfini
775,Sky,Nowill
776,Gwynne,Dencs
777,Huey,Afonso
778,Donnell,Gernier
779,Danika,Ugolotti
780,Selina,Baldry
781,Matelda,Stacey
782,Richmond,Keats
783,Monty,Pietasch
784,Caitlin,Ollive
785,Sergio,Redish
786,Edita,Pochon
787,Channa,Beckitt
788,Erda,Adcocks
789,Inga,Headings
790,Jdavie,Stearns
791,Roldan,Suggey
792,Ricki,Broe
793,Susana,Manilow
794,Quentin,Innwood
795,Freddie,Erickson
796,Forester,Klass
797,Andy,Rozet
798,Marlena,Markovic
799,Alie,Conwell
800,Anthe,Goodlad
801,Aurore,Browne
802,Doralyn,Tanfield
803,Opaline,Brommage
804,Gusty,Dobbings
805,Etienne,O'Reilly
806,Aldin,Fussie
807,Delora,Godley
808,Dode,Oak
809,Kiri,Labin
810,Annemarie,Brachell
811,Devonne,Skocroft
812,Moritz,Oultram
813,Faunie,Kimbley
814,Darius,Vallintine
815,Bordie,Stopps
816,Colman,Garrish
817,Emelyne,Dolan
818,Sherwood,Karolczyk
819,Elysia,Smerdon
820,Thea,Goldson
821,Electra,O'Sheilds
822,Lebbie,Gutman
823,Jerrylee,Croutear
824,Randie,Strothers
825,Bibby,Niesel
826,Salli,Deverill
827,Lorant,Phizackarley
828,Dniren,Jessel
829,Gracie,Thelwll
830,Nichol,Machen
831,Faythe,Wethers
832,Jan,Lippo
833,Rozalie,Tiuit
834,Stanislaus,Matfield
835,Ardyth,Elizabeth
836,Giorgio,Stuckley
837,Corliss,MacTavish
838,Reube,Furzey
839,Ines,Langmuir
840,Jecho,Kelemen
841,Dorothea,Tregunnah
842,Teriann,Cotes
843,Jazmin,Yerrill
844,Monica,Stubbings
845,Niki,Christofe
846,Deny,Moodie
847,Maddy,Leber
848,Geoff,Cawthorn
849,Dita,Melsome
850,Gloria,Doughton
851,Franchot,Hearnden
852,Grantley,Tracey
853,Howie,Triplet
854,Tanney,Mallam
855,Kin,Aubrey
856,Mariam,Beeby
857,Mariellen,Courtonne
858,Isador,Feeny
859,Karla,Ceaser
860,Marin,Carley
861,Dorey,Golley
862,Tedd,Dexter
863,Weber,Doorey
864,Robert,Brydie
865,Joleen,Willoughey
866,Fidelity,Gaythwaite
867,Katlin,Pencost
868,Carlen,Brawn
869,Gertie,Agnew
870,Berkly,Boniface
871,Grenville,Schimaschke
872,Skipton,Lincey
873,Bill,McShirie
874,Deeanne,Ferrige
875,Rodd,Osgar
876,Tuesday,Brownbridge
877,Myron,Nathon
878,Edmon,Bowerbank
879,Shadow,Godlonton
880,Leoine,Coldman
881,Merrie,Gyer
882,Nana,Dacks
883,Art,Mees
884,Darcee,Widdocks
885,Thorvald,Inworth
886,Paige,Player
887,Kippie,Maccrea
888,Gwenore,Elsdon
889,Evan,Randell
890,Royall,Guisot
891,Ole,Hiskey
892,Darlleen,Gulston
893,Mariann,Hollyard
894,Walden,Simants
895,Sherye,Goncaves
896,Clo,Bardey
897,Gibb,Hoyle
898,Carita,Sustins
899,Silva,Lavallie
900,Mia,Elliston
901,Arch,Fettiplace
902,Fulvia,Fayer
903,Daryn,Adolfsen
904,Jerrilee,Bickmore
905,Rhonda,Bibbie
906,Amye,Yeell
907,Claudius,Linnock
908,Jard,Fisbey
909,Jonie,Burree
910,Daisie,Wormstone
911,Burlie,Kittredge
912,Vi,Harmstone
913,Engelbert,Cottey
914,Debi,Goozee
915,Amanda,Rottcher
916,Tyler,Bare
917,Davine,Falkingham
918,Cherise,Wolver
919,Markus,Osman
920,Gauthier,Janew
921,Renaldo,Blamey
922,Tripp,Forgie
923,Hermon,McCartan
924,Cecilius,Muncie
925,Leonanie,Mourgue
926,Vale,Lared
927,Trumann,Archer
928,Murdock,Bottby
929,Petrina,Eade
930,Phaedra,Liepina
931,Tull,Fessler
932,Rudiger,Allery
933,Urson,Charer
934,Filberto,McDool
935,Tait,Vasyukov
936,Cal,Sealy
937,Aldis,Keddey
938,Heriberto,Brugman
939,Fielding,Bartoszewski
940,Heloise,Mallabund
941,Minette,Simnel
942,Kaila,Phelipeau
943,Phaedra,Pesik
944,Margot,Fidell
945,Torr,Leheude
946,Joellyn,Grestye
947,Chane,Leaburn
948,Willy,Cribbin
949,Elberta,Hawford
950,Esta,Haddinton
951,Odelle,Ead
952,Oralia,Rangall
953,Jodie,Caville
954,Fiann,Gipp
955,Leonerd,Gilliam
956,Davide,Hawkey
957,Urbano,Bletsor
958,Cicily,Jollye
959,Cary,Stretton
960,Jenda,Shortcliffe
961,Patrice,Bauduin
962,Victoria,Gerred
963,Faith,Grombridge
964,Jessa,Spon
965,Megan,Colbrun
966,Nelle,Lennon
967,Homerus,Ive
968,Loraine,Ryton
969,Roy,Gallyhaock
970,Nada,Mitchenson
971,Lalo,Gabotti
972,Janis,Hedylstone
973,Mommy,Vanne
974,Vickie,Genty
975,Rahal,Jozsa
976,Dedra,Bensley
977,Orlando,Pontain
978,Yurik,De Carolis
979,Clywd,Peal
980,Humphrey,Megson
981,Mary,Purton
982,Miof mela,Slocumb
983,Mirabel,Thickin
984,Mildrid,Gabbitis
985,Trix,Saxton
986,Anallise,Killingback
987,Israel,Simoncello
988,Brig,Lavrinov
989,Marvin,Vakhonin
990,Joan,Kaveney
991,Tandi,Lob
992,Rochell,Sherrard
993,Alejoa,Montague
994,Nanni,Swainger
995,Brigitte,Gudahy
996,Ikey,Donovan
997,Bevan,Murphy
998,Earlie,Hinchcliffe
999,Winni,English
1000,Penrod,Jentges
